ErgId|ErgKurztitelS|ErgArtS|EroObjId
7|Erövringen av Glückstadts fästning||39880
41|Slaget vid Narva|sv:Slaget_vid_Narva|55778;56114;56125;56126;56127;56128;56131;56747;63862;63863;42045;63871;63872;44381;44382;57369;60996;63285;63286;45428;36663;56129;56130;56748;37608;43960;56112;52047;54164;54165;57190;57191;57370;44087;56749;55916;56750;53366;64674;64675
42|Slaget vid Mitau||58649;58650;58651;58652;58653;58654;58658;58659;58660;39860;40896;40897;44491;45775;46554;46555;46556;47090;47091;47700;47698;47701;47702;47703;47704;49304;49305;52801;58655;58656;58657;44492;52799
73|Slaget vid Janicki||44416
88|Krigsbyte Holland||33094
90|Erövringen av Prag||14172;47190;59676;45996;32631;32632;36909
93|Erövringen av Thorn (Torun)||70553;70554;70555;70556;70557;70558;70559;70560;70561;70562;70563;70564;70565;70566;70567;70568;70569;70570;70571;70572;70573;70574;70575;70576;70773;70774;70775;70776;70777;70778;70779;70780;70781;70782;70783;70784;70785;70786;70787;70788;70789;70790;70791;70792;70793;70794;70795;70796;70797;70798;70799;70800;70801;70802;70803;70804;70805;70806;70807;70808;70809;48228
164|Erövringen av Braunsberg (Braniewo)||105478;106862;95361;107201;94130;93636;91356;108996;103016;102999;93061
176|Erövringen av München||64327
190|Erövringen av Warszawa||67575;67576;67577;67578;67579;67580;67649;67650;67651;67652;56956;28089;28385;28034;39146;39545;39626;39627;41602;41603;41604;43645;43737;44115;44323;44331;44332;44335;44336;45170;45171;45770;46269;46270;48174;49570;52108;56957;58954;59777;60007;28384;58856;58857;69088;41674;69089;69090
196|Slaget vid Waterloo|sv:Slaget_vid_Waterloo|45943;45944
225|Slaget vid Fredrikshamn|sv:Slaget_vid_Fredrikshamn|46500;37282;38437
228|Erövringen av Fredriksorts fästning||41547;39879
232|Slaget vid Erzerum||46250
240|Stora oredan<!>"Stora oredan", Moskwa|sv:Stora_oredan|56956;56957
245|Stora nordiska kriget|sv:Stora_nordiska_kriget|68398
250|Slaget vid Lode|sv:Slaget_vid_Lode|56957;58426;43959
261|Träffningen vid Gigelly||44287;39584
266|Slaget vid Saladen|sv:Slaget_vid_Saladen|70810;70811;70812;70813;70814;70815;70816;70817;70818;70819;70820;70821;70822;70823;70824;70825;70826;70827;70828;70829;70830;70831;70832;70833;70834;70835;70836;70837;70838;70839;70840;70841;70842;70843;70844;70845;70846;70847;70848;70849;70850;70851;70852;70853;70854;70855;70856;70857;70858;70859;70860;70861;70862;70863;70864;70865;70866;70867;70868;70869;70870;70871;70872;70873;70874;70875;70876;70877;70878;70879;70880;70881;70882;70883;70884;70885;70886;70887;70888;70889;70890;70891;70892;70893;70894;70895;70896;70897;70898;70899;70900;70901;70902;70903;70904;70905;70906;70907;70908;70909;70910;70911;70912;70913;70914;70915;70916;70917;70918;70919;70920;70921;70922;70923;70924;70925;70926;70927;70928;70929;70930;70931;70932;70933;70934;70935;70936;70937;70938;70939;70940;70941;70942;70943;70944;70945;70946;70947;70948;70949;70950;70951;70952;70953;70954;70955;70956;70957;70958;70959;70960;70961;70962;70963;70964;70965;70966;70967;70968;70969;70970;70971;70972;70973;70974;70975;70976;70977;70978;70979;70980;70981;70982;70983;70984;70985;70986;70987;70988;70989;71172;71173;71174;71175;71176;71177;71178;71179;71180;71181;71182;71183;71184;71185;71186;71187;71188;71189;71190;71191;71192;71193;71194;71195;71196
471|Kriget i Polen||56439;56440;56441;56442;56443;56444;56445;56446;56447;21501
482|Erövringen av Mainz||65362
530|Gustaf V:s audiens 1908 av fältmarskalken Abdullah Pascha och ambassadör Sherif Pascha|sv:Gustaf_V|37982
533|Gustav IV Adolfs död och begravning|sv:Gustav_IV_Adolf|38952;38953
538|Mordförsök på Gustav II Adolf|sv:Gustav_II_adolf|41353;41354;41355
539|Gustav II Adolf, audiens i Uppsala|sv:Gustav_II_adolf|44333;44334
540|Karl XII:s övernattning 1716|sv:Karl_XII|64664;64668;45418
549|Halshuggning av Claes Flemings son||47432
551|Gustav II Adolfs död|sv:Gustav_II_Adolf|52447
566|Slaget vid Klizow|sv:Slaget_vid_Kliszów|64639
580|Erik XIV:s död|sv:Erik_XIV|37582
586|Riksdagen 1792||40429;55972;67946;67947;67949;67950;67951;67952;67953
587|Pommerska kriget|sv:Pommerska_kriget|40429
594|Adolf Fredrik och Lovisa Ulrikas kröning|sv:Adolf_Fredrik|52190;52191;52192;52193;52194;52195;52196;52197;52198;52199;52200;52201;52202;52203;52204;52205;52206;52207;52208;52209;52210;52211;52212;52213;52214;52215;52216;52217;52218;52219;52221;51555;51556;51557;51558;51559;51560;51561;51562;51563;52222;52223;52224;52225;52226;52227;52228;69294;45889;45890;45891;53876;69739;69740;69741;37773;55495;57993;61964;61965;62619;64090;64091;67678;67679;67843;67844;67845;67866;67906;68082
596|Tornerspelet på Adolf Fredriks torg 1777||48215;48216;48217;48219;48220;48221;48222;48223;51600;54240;54379;54438;55799;56154;56159;56160;56161;56162;56163;56180;56215;56216;56257;56781;57261;57262;57263;65817;66416;68550;52461;52462;66185;66603;55195;65734;66176;64342;66600;66175;48206;65798;65746;54190;52189;68265;59860;58032;58033;40554;51329;51330;51331;51332;51333;51334;51335;57916;58079;64348;64349;64350;64351;65808;48218;51899;56483;56536;57259;57260;68172;62780;55800;65793;65794;65795;65796;65797;62782;66411;66443;59861;59862;59863;59864;62783;66412;48209;48210;48211;48212;48213;48214;48208;65867;65868;65869;65870;65871;58224;62784;48207;65735;65736;65737;65738;65739;64343;64344;64345;64346;58225;65733;59799;65845;65846;65847;65848;65849;61978;65816;65818;65819;65820;62126;62790;66418;62781;62788;62785;62786;62787;61974;61982;61981;61977;61979;61980;63881;56155;57999;66601;65741;65743;65744;66178;57242;66414;66413;66415;66921;40688;40689;40690;40691;56466;53803;53804;53805;65815;65830;65836;66174;66447;62840;62842;57214;65792;61983
622|Karl XI:s karusell|sv:Karl_XI|50067;59834;62807;62808;62809;62810;62811;62813;62814;62815;62816;62817;62818;62819;62843;61993;44239;44240;62806;50254;54128;54129;54130;54131;62812;59944;61068;61069;41669;59954;55788;55789;55790;55791;55792;59953;66052;67975;67976;67977;59856;55794;55795;55796;55797;55536;55537;55538;55539;55540;55541;55542;42585
636|Prins Ulriks begravning|sv:Prins_Ulrik|53608;55753;55754;68226
644|Karl X Gustavs död och begravning|sv:Karl_X_Gustav|53980;52965;59368;59369;59371;59372;59373;59374;59375;59376;59377;59378;59379;61408;61409;61410;61411;61412;61413;61414;61415;61416;61417;61418;61419;61420;61421;61422;61423;61424;61425;61426;61427;61428;61429;61430;60434;60435;60436;60437;60438;60439;60440;60441;61431;61432;61433;61434;61435;61436;61437;61438;61439;61440;61441;61442;61443;61444;61445;61446;61447;61448;61449;61450;61451;61452;61453;61454;61455;61456;61457;61458;61459;61460;61461;61462;61463;61464;61465;61466;61467;61468;61469;61470;61471;61472;61473;61474;61475;61476;61477;61478;61479;61480;61481;61482;61483;61484;61485;61486;61487;61488;61489;61490;61491;61492;61493;61494;61495;61496;61497;61498;61499;61500;61501;61502;60942;60943;60944;60945;60946;60947;60948;60949;61503;61504;61505;61506;61507;61508;61509;61510;61511;61512;61513;62621;62622;62623;62624;62625;62626;62627;62628;62629;62630;62631;62632;62633;62634;62635;62636;62637;62638;62708;63645;68044;68045;68046;68047;68048;68049;68050;68051;68052;68053;68054;68055;68056;68057;68058;68059;68060;68061;68225;41462;46003;46004;46005;46006;46007;46008;46009;46013;46014;46015;46064;46074;46075;46076;46077;46078;46079;46080;46081;46086;46087;46088;45171;59396;59865;54011;53970;52976;62649;36496;36503;36504;36505;36506;36507;36508;37765;27339;46065;46066;46067;46068;46069;46070;46071;53942;70170;41461;41463
666|Gustavianska riddarspelen|sv:Gustav_III|53231;53232;53233;53234;52938;52939;52940;52941;52942;52943;52944;52945;53642;53643;53644;53645;53646;53647;53648;53649;53650;53651;53652;53659;57223;57224;61517;62823;62825;62826;62827;62828;62829;62830;62831;62832;62833;63188;63213;64185;65619;65637;68158;68159;68160;68161;68164;68173;68175;70517;70523;56925;62614;56983;67139;67140;52900;48519;36466;40596;40598;40599;64137;65886;66404;41207;41208;41211;41212;41213;41214;48518;53653;53654;53655;53656;53657;53658;40597;66138;66306;66321;66406;66408;66410;66436;66437;66438;66439;66450;66455;66459;66460;66461;66462;66463;66464;66563;66585
668|Slaget vid Alavo||66976;37287
669|Slaget vid Lappo|sv:Slaget_vid_Lappo|36594
675|Slaget vid Öland|sv:Slaget_vid_Öland_(1789)|38444
676|Drottning Josefinas 50-åriga jubileum av intåget i Stockholm|sv:Josefina_av_Leuchtenberg|39176
681|Segern vid Parkumäki|sv:Slaget_vid_Parkumäki|42110
685|Andra slaget vid Svensksund|sv:Slaget_vid_Svensksund_(1790)|58015;41477;42929;42930;46500;55499
687|Schlesnitza-attacken 1915||43891;43892
689|Belägringen av Ofen (Buda)||44152;44153
690|Slaget vid Malojaroslawetz||45756
693|Erövringen av Baltischport||46444
698|Hedvig Elisabeth Charlottas intåg|sv:Hedvig_Elisabet_Charlotta_av_Holstein-Gottorp|48755;48756;48757;48758;48779;48780;47082;47083;48774;48775;48776;48778;41932;41933;42196;42197;42955;47081;48753;48754;48777;52168
713|Affären vid Elgsö||64679
718|Karl XI:s kröning|sv:Karl_XI|59955;60973;60974;60975;60976;60977;61840;61841;61842;61843;61844;61845;61846;61847;61848;61849;61850;61851;61852;61853;61854;61855;61856;61857;61858;61859;61860;61861;61862;61863;61864;61865;61866;61867;61868;61869;61870;61871;61872;61873;61874;61875;61876;61877;61878;61879;61880;61881;61882;61883;61884;61885;60442;60443;60444;68541;68542;68543;68544;68545;68546;68547;68548;29674;37767;41457;41458;42569;42752;42753;48166;55407
740|Oscar II:s besök i Istanbul|sv:Oscar_II|40380;43621;43622
765|Johan Casimirs död och begravning||59367;59368;59369;59370;59371;59372;59373;59374;59375;59376;59377
851|Drottning Lovisas kröning|sv:Lovisa_av_Nederländerna|68011
858|Gustav II Adolfs sorgeprocession i Wolgast|sv:Gustav_II_Adolf|58205;61704;67777;67778;67779;67780;67781;67782;66370;66371;66372;66373;66374;66375;66376;66377;66378;66379;67783;67784;67785;67786;67787;67788;67789;67790;67791;67792;67793;67794;67795;67796;61716;61717;61718;61719;61720;61721
891|Slaget vid Lützen|sv:Slaget_vid_Lützen|56428;56429;67771;67772;67773;67774;67775;67776;21880;21889;39030;52036;46317;52037;67686;67687;67688;36569;61347;48255;59423;52038;58245;66967;67727;55879;67690;67691
899|Slottsbranden 1648||52808;52850
917|Mordet på Folke Bernadotte|sv:Folke_Bernadotte#Mordet|59945;37598
919|Livrustkammarens jubileum 1928||41858
923|Dalupproret, Stora Daldansen 1743|sv:Dalupproret_1743|49132;50257;50258;50262;52424;53641;54046;55475;61044;61045;61046;61047;61048;66763;66786;66787;66788;66801;66805;66807;66815;66816;66817;66818;66819;66821;66822;66823;66824;66827;66829;66830;66835;66838;66855;68399;69634;69635;69759;41680;42481;42500;42531;42532;45900;45901;45902;45904;45933;46336;66820
930|Slaget vid Reval|sv:Sjöslaget_vid_Reval|42057;42058
983|Stölden på Livrustkammaren 1968||55528;55529;43621;43622
1034|Riksdag 1756 - 1866||50074;50075
1036|Riksdagen 1756 - 1866||50076;50077;50078;50079
1041|Värdshuset Vita hästen, S:t Gallen ?||66660;66661
1045|Axel Oxenstiernas begravning|sv:Axel_Oxenstierna|39447;36770
1081|Slaget vid Uddismalm (Uttismalm)|sv:Slaget_vid_Uttismalm|39036
1082|Gustav II Adolf, bal i Augsburg|sv:Gustav_II_Adolf|57313;57314;57312;37736
1089|Riksdagens öppnande, Gustaf V||69164
1090|Bondetåget 1914|sv:Bondetåget|53735;57288;67420;42532;46380;17752
1092|Slaget vid Ferdinandshof||37785;69611
1095|Orientalistkongressen i Stockholm||38163
1138|Sveagruvans sista svenska flagga, Spetsbergen<!>Sveagruvan, Spetsbergen<!>Sveagruvan, Spetsbergen||53745
1152|Karl X Gustavs död och begravning|sv:Karl_X_Gustav|53939;53940;53941;53943;53944;53945;53947;53948;53949;53950;53951;53957;53964;53965;53966;53967;53968;53969;53976;53977;53978;53979;53981;53982;53983;53984;53985;53986;53987;53988;53989;52966;52967;52968;52969;52970;52971;52972;52973;52974;52975;53990;53991;53992;53993;53994;53996;53997;53998;53999;54000;54001;54002;54003;54004;54005;54006;54007;54008;54009;54010;54012;54013;54014;54015;54016;54017;54018;54019;54020;54021;54023;54024;54025;54026;61759;61760;61761;61762;61763;61764;61765;61766;61767;61768;61769;61770;61771;61772;61773;61774;61775;61776;61777;61778;61779;61780;61781;61782;61783;61784;61785;61786;61787;61788;61789;61790;61791;61792;61793;61794;61795;61796;61797;61798;61799;61800;61801;61802;61803;61804;61805;61806;61807;61808;61809;61810;61811;61812;61813;61814;61815;61816;61817;61818;61819;61820;61821;61822;61823;61824;61825;61826;61827;61828;61829;61830;61831;61832;61833;61834;61835;61836;61837;61838
1168|Slottsbranden 1697|sv:Slottsbranden_1697|48242;48243;48244;48245;48246;48247;48248;48249
1306|Oscar I:s begravning|sv:Oskar_I|46712;46713;45705;45706;45707;45708;45709;45710;45711;39433;37801;45971
1396|Den nya hovdräkten ?||56911;56912;56913;56914;56915;56916
1413|President Saragats besök|sv:Giuseppe_Saracco|52330
1436|Stormningen av palatset i Lucknow||60601;60602;60585
1438|Trekungamötet 1914||50417;50418;50419
1451|Carl XVI Gustafs studentexamen||48354
1476|Greve Bertil Bernadottes af Wisborg bröllop med Rose-Marie Heering|sv:Prins_Bertil|48369;48370
1480|Margarethas bröllop med Mr John Ambler|sv:Prinsessan_Margaretha|48447;48448;51621;51622;57090;57091
1489|Slaget vid Leipzig|sv:Slaget_vid_Leipzig_(1813)|48765;36908;37651
1493|Gustaf V:s 90-årsdag|sv:Gustaf_V|50061;64192
1517|Gustav III:s statskupp 1772|sv:Gustav_III:s_statskupp|16647;14880;21059;21061;19682;21060
1522|Karl XII:s kröning|sv:Karl_XII|56553;56554;56555;56556
1529|Fredrik I och Luise av Badens guldbröllop|sv:Fredrik_I_av_Baden|39243
1534|Ceremoniel för investituren av Serafimerorden|sv:Serafimerorden|42916;42915
1544|Ambassad till Paris 1679||40567;40568
1547|Riddarspelen på Adolf Fredriks torg.||53803;53804;53805;40688;40689;40690;40691;65815;66174;65830;65836
1566|Inskeppningen till Tyskland||53811
1614|Dianas fest 1778||63281;63282;63876;68209;68210;68211;68212;65861;62839
1647|Hessiska eventualkonfederationen||41876
1668|President Zemgals statsbesök i Stockholm|sv:Gustavs_Zemgals|38140;38141;38142;38143;38144
1673|Krigsbyte från Prag||65099
1675|Slaget vid Kirkholm|sv:Slaget_vid_Kirkholm|50212
1679|Carl XVI Gustafs eriksgata i Blekinge|sv:Carl_XVI_Gustaf|54247;54246
1680|Prinsessan Madeleines dop|sv:Prinsessan_Madeleine|55776;56895
1686|Riddarholmskyrkans brand||69684;39475
1687|Drottning Elisabeths och George VI:s kröning|sv:Georg_VI_av_Storbritannien|51597
1688|Peter den stores begravningståg|sv:Peter_den_store|69751
1698|Oscar II:s 25-åriga jubileum som regent|sv:Oscar_II|69780;56741
1700|Angelique Verités begravning||68319;69782
1710|Constantin II av Grekland och prinsessan Anne-Marie av Danmarks bröllop|sv:Konstantin_II_av_Grekland|50747;50748;50749;50751;50752;50753
1712|Edward VII:s kröning|sv:Edvard_VII|36520
1825|Johan III:s död och begravning|sv:Johan_III|53402
1827|Trettioåriga kriget|sv:Trettioåriga_kriget|61968;46316
1834|Ulrika Eleonora dä:s kröning|sv:Ulrika_Eleonora_av_Danmark|42752;55407;56430;57318;57319
1851|Ambassad till Persien 1678-82||37710
1894|Georg VI:s och drottning Elisabeths kröning|sv:Georg_VI|51599
1899|Erik XIV fängslad på Gripsholms slott|sv:Erik_XIV|52033
1900|Karin Månsdotters gravöppning|sv:Karin_Månsdotter|52035
1904|Gustav II Adolfs gravöppning|sv:Gustav_II_Adolf|52039
1907|Karl XII:s ritt från Bender till Stralsund.|sv:Karl_XII|52045
1909|Prins Gustavs begravning|sv:Prins_Gustaf|52049
1910|Tornerspelen på Drottningholm 1799||51336;51337;51338;51339;51340;51341;51342;51343;51344;51345;51346;51347;51348;51349;51350;51351;51809;51810;51811;51812;51813;51814;51815;51816;51817;51818;51819;51820;51821;51822;51823;51824;51825;51826;51827;51828;51829;51830;51831;51832;51833;65810;65807;52237;52238;57246;58218;65815;65836;58032;58033;60063;60064;60065;60066;60067;60068;60069;60070;60071;60072;60073;60074;62779;66320;57245;57249;58216;58211;58004;58219
1951|Gustaf VI Adolfs 80-årsdag|sv:Gustaf_VI_Adolf|51835
1955|Magnus Fredrik Ferdinand Björnstjernas tid som minister i London 1828 ?||46752;51781;51782;51783;51784;51785;51786;51787;51788;51789;51790;51791;51792
1967|Magnus Fredrik Ferdinand Björnstjernas tid som minister i London||46752;51781;51782;51783;51784;51785;51786;51787;51788;51789;51790;51791;51792
1980|Gustaf V:s död och begravning|sv:Gustaf_V|51596;51504;51643;51644;51645;51646;51647;51648;51649;51650;51651;51652;51653;51654;51655;51656;51657;51658;51659;51660;51661;51662;51663;51669;51670;51671;51672;51673;51674;51675;51676;51677;51678;51679;51680;51681;51682;51683;51684;51685;51686;51689
1981|Georg VI:s och Elisabeths kröning|sv:Georg_VI|51598;63984;63985
2074|Stormningen av Silistria||40160
2075|Stormningen av Ismail||40160
2171|Brita Karlsdotter Gyllenstierna af Lundholm och friherre Georg Fleetwoods bröllop||54142
2174|Tornerspelet på Ekolsund 1776||51329;51330;51331;51332;51333;51334;51335;57999;66177;66183;65798;54442;62780;65793;65794;65795;65796;65797;62782;66411;66443;65867;65868;65869;65870;65871;58224;62784;48207;62781;61982;61981;56466;65741;65743;65735;68172;57242;57214
2186|Prinsessan Desirées bröllop med friherre Niclas Silfverskiöld|sv:Prinsessan_Désirée|51621;51622;57090;57091;47627;48446;47626;48382;48383
2195|Internationellt scoutläger, Rover Moot||49430
2243|Belägringen av Paris 1870||69874;69875;69876;69877;69878;69879;69880;69881;69882
2259|Gustaf V på Ornö Jaktklubb||62679;62483;62484;62485;62486;62487;62488;62489;62490;62491;62492;62680;62681;62682;62683;62684;62685;62686;62687
2298|Karl XI:s myndighetsförklaring|sv:Karl_XI|56540;42881;53711;42952;40097;40173;54115;54116;54117;54118;54119;67442;67443;67446;67447;67448;67449;40687
2320|Karl XIII:s död och begravning|sv:Karl_XIII|56373;68093;37798
2324|Olympiska spelen i London 1908|sv:Olympiska_sommarspelen_1908|53147
2358|Kapitulationen i Tönningen|sv:Kapitulationen_i_Tönningen|33446
2372|Intåget i Leipzig||24752
2373|Prins Wilhelms bröllop med Maria Pavlovna|sv:Prins_Wilhelm,_hertig_av_Södermanland|55617;55618;39195
2378|Gustaf VI Adolf och Margaretas bröllop|sv:Gustaf_VI_Adolf|55612;55613;55660;55663
2380|Slaget vid Wittstock|sv:Slaget_vid_Wittstock|24608
2382|Slaget vid Femern|sv:Slaget_vid_Femern|28409;28248;22941
2392|Linköpings blodbad|sv:Linköpings_blodbad|32937
2393|Statsvälvningen 1809|sv:Statsvälvningen_1809|33448;46458
2403|Armfelts norska fälttåg|sv:Carl_Gustaf_Armfeldt_d.ä.|43053
2417|S:t Barthelemy ?||69756;69757
2422|Arktiska expeditioner av Torell och Nordenskjöld||62869
2424|Dop i familjen Pereswetoff-Morath ?||70212;70213
2440|Prinsessan Astrids bröllop med Leopold III av Belgien|sv:Astrid_av_Sverige|68642;69552
2447|Kungl. Svea Livgardes 400-årsjubileumsfest||8763
2450|Wilhelmina Kempe och Walther von Hallwyls lysning|sv:Wilhelmina_von_Hallwyl|13825
2452|Världsutställningen i Paris 1900||16699
2456|Konserthusets invigning 1926||13324
2459|Drottning Wilhelminas av Nederländernas tjugofemåriga regering.|sv:Wilhelmina_av_Nederländerna|13459
2464|Slaget vid Yungai||37526
2466|Gustav III:s riddarspel 1785||58003;65619;66612;66613;66614;66615;66616;66618;66620;66621;66622;66623;66624;66625;66957;62834;62835;62836;62837
2469|Slaget vid Hogland|sv:Slaget_vid_Hogland|55508;55509;55510;55511;57226;57395;62118;37759
2641|Gustaf V som barn ?||58183;58184
2689|Krigsbyte från Prag||36909
2708|Gustav II Adolfs begravning|sv:Gustav_II_Adolf|56499;56500;56501;56502;56504;56505;56506;56507;56508;56509;56510;56511;56512;56513;56514;56515;56516;56517;56518;56519;56520;56521;56527;58205;61716;61717;61718;61719;61720;61721
2735|Greve Totts ambassad till Polen||57014
2862|Drottning Sofias kröning|sv:Drottning_Sofia|70491;70490
2864|Drottning Josefinas kröning|sv:Josefina_av_Leuchtenberg|70411
2885|Gustav III:s begravning|sv:Gustav_III|62282;62283;60465;60466;60467;60468;60469;60470;60471;60472;62284;62285;62286;37776;20357
3087|Carl XVI Gustafs dop||52980
3091|Tortyrinstrument från Tyskland ?||65325;65326;65327;65329;65330;65331;65332;62417;62418;62419;62420;62421;62422;62423
3115|Begravning ?||56223;56224;56225
3117|Prinsessan Eugeniés begravning|sv:Prinsessan_Eugénie_av_Sverige_och_Norge|47000;47336
3119|Karl XV:s död och begravning|sv:Karl_XV|47342;47343;47344;47345;47346;47347;67735
3130|Gustav III:s karusell|sv:Gustav_III|56466
3133|Storhertigen Fredrik I av Badens jubileum|sv:Fredrik_I_av_Baden|55616
3156|Kolonin Nya Sveriges 300-årsjubileum|sv:Nya_Sverige|38210
3173|Gustav IV Adolfs dop|sv:Gustav_IV_Adolf|64405;64406;64407;64408;64409;64598;64599;64604;64605;21639;49097;49098;49099;32906;63281;64402;64403;64610;64497;64602;64600;64609;64404;65395;64631;56305;57309;58377;68501;55801;63884;63885;63890;63891
3210|Ulrika Eleonora dy:s begravning|sv:Ulrika_Eleonora_d.y.|37770
3336|Batalajplan över Nerwinde ?||31868;31865
3342|Slaget vid Markstedt||31965
3346|Erövringen av Erzerum, Turkiet||35352
3360|Karl IX:s kröning|sv:Karl_IX|36457;36458;36462;36697;36464;36465;36698;36463;36459;35652
3361|Värdskap på Stockholms slott 1692||36464
3364|Drottning Elisabeth II:s kröning|sv:Elizabeth_II|36520
3377|Johan III:s bröllop|sv:Johan_III|36483
3379|Sigismund I:s bröllop med Konstantia av Österrike|sv:Sigismund_I|62699;42965;69088;69089;69090;69091;69092;69093
3382|Gustav II Adolf och Maria Eleonoras bröllop|sv:Gustav_II_Adolf|67895;67894;67896;46025;46026;46027;46028;46029;46030;45168;42629;42632;42635;42639;42641;42643;42645;42647;42649;61709;61711;42631;42634;42638;42642;42644;42646;42648;42650;42651;42630;42633;49136;45167;59527;59528;42652;42653;42654;42655;45437;58975;61706;61707;61708;61710;41794;40603;41882;41884;41886;41888;41889;41890;60122;59800;58684;59288;58973;61716;61719;61720;61721;58205;66389;67832;66388;57265;41793;41878;41879;41894;42609;42656;43965;45438;45439;45440;58972;61712;61713;68028;56378;56377;62169;62170;68494;66385;66387;60025;60028;60030;60033;60022;60023;60024;60026;60027;60029;60031;60032;56962;61717;61718
3384|Karl XI:s bröllop med Ulrika Eleonora av Danmark|sv:Karl_XI|37690;56314;42622;42623;42624;42625;42626;42627;45422;56488;53712;53713;53714;54095;67819;56015;58031;55581;55582
3386|Kronprins Adolf Fredrik bröllop i Stockholm|sv:Adolf_Fredrik|39015
3387|Gustav III och Sofia Magdalenas bröllop|sv:Gustav_III|55497;63882;63883;67848;67849;67850;62593;57457;57879;62594;62595;37667;52168;56924;69918;69919;69920;69921;69922;69923;69924;69925;69926;69927;69928;69929;69930;69931;69932
3388|Gustav IV Adolfs bröllop|sv:Gustav_IV_Adolf|64084;64085;62145;62146;62147
3389|Karl XIII och Hedvig Elisabet Charlottas bröllop|sv:Karl_XIII|68030;68031;69480;57890;57891;69479;68033
3394|Gustaf V och Victoria av Badens bröllop|sv:Gustaf_V|63283;63284;39245;60446;69954;60445;56350;54613;54614;54615;56356;56357;56358;56359;56360;56361;56362;57508
3396|Gustaf VI Adolf och Louise Mountbattens bröllop|sv:Gustaf_VI_Adolf|56902;51617;51799
3397|Carl XVI Gustaf och drottning Silvias bröllop||43242
3398|Gustaf V och Victorias silverbröllop|sv:Gustaf_V|39279;37167;37196
3400|Gustaf V:s statsbesök i Spanien 1927||43626;43627;43628
3405|Gustav Vasas död och begravning|sv:Gustav_Vasa|47448;47449;68077
3414|Erik XIV fängslad på Örbyhus slott|sv:Erik_XIV|36773
3423|Gustav II Adolfs kröning|sv:Gustav_II_Adolf|53640;56377;42658;42659;42660;42661;42662;42663;62169;62170;62207;62291;62292;66074;52977;59448;61914;61915;62290;68494;56399;57188;46030;42668;54604;56984;56992;59825;59826;59827;59829;59830;59831;59832
3427|Träffningen vid Stuhm||32432
3432|Erik XIV:s kröning|sv:Erik_XIV|62618
3433|Karin Månsdotters kröning|sv:Karin_Månsdotter|68043
3443|Karl X Gustavs kröning|sv:Karl_X_Gustav|47001;47358;37764;53339;56815;56814;62161;62162;62163;67901;67902;42558;42581;45560;45567;45565;42763;42764;41237;41238;55407;48146;30726;30727;42751;45533;52041;55955;55956;57641;55992;61371;61372;61373;67987;67986;67988;67989;67990;55850;55851;55852;55853;57633;57634;67936;67937;67897;67898;67899;62157;62156
3444|Hedvig Eleonoras kröning|sv:Hedvig_Eleonora|42752;37766;55407
3448|Ulrika Eleonora dy:s kröning|sv:Ulrika_Eleonora_d.y.|42752;55407
3449|Fredrik I:s kröning|sv:Fredrik_I|37771;55839;45421
3450|Adolf Fredriks kröning|sv:Adolf_Fredrik|55495;67845;67844;67843;64090;64091;57993;37773;61964;61965;62619;67678;67679;67866;67906;68082;20354
3451|Lovisa Ulrikas kröning|sv:Lovisa_Ulrika|52167;57880;57881;64115;64116;67840;67841;67842;67862;69793
3452|Gustav III:s kröning|sv:Gustav_III|55646;37775;67866;67863;67865;67864;57995;57996;60987;43140;43139;62619;43816;68033;55647;55777;20353
3453|Sofia Magdalenas kröning|sv:Sofia_Magdalena_av_Danmark|67862;63648;63649;67859;67860;67861
3454|Gustav IV Adolfs kröning|sv:Gustav_IV_Adolf|37797;62619;68022;68023;68024;68025;68026;57570;57337;57338;57343;54346;68199
3455|Fredrika Dorotheas kröning|sv:Fredrika_Dorotea_Vilhelmina_av_Baden|67862;55643;55644;55645;64092;64093;54160;54161
3456|Karl XIII:s kröning|sv:Karl_XIII|37778;62619;37793;57650;57651;67873;67874;67875;67876;67877;67878;42581;42582;42583;42584;42585;42586;56040;56041;56042;56043;64028;64029
3457|Hedvig Elisabet Charlottas kröning|sv:Hedvig_Elisabet_Charlotta_av_Holstein-Gottorp|67862;64086;64087;67879;62154;62153
3460|Gustav II Adolfs födelses 300-årsjubileum|sv:Gustav_II_Adolf|46317
3461|Överfarten av Weichsel vid Kleinwerder||67805;67806;67809
3462|Slaget vid Dirschau|sv:Slaget_vid_Dirschau|41607;41608;42766;52441;67807;67808;67810
3464|Gustav Adolfs-jubileet 1832||46343;46344;46345;46346;46347;46348;51962;52039
3465|Slaget vid Breitenfeld|sv:Slaget_vid_Breitenfeld|52175
3467|Kristinas kröning|sv:Drottning_Kristina|42579;42756;45838;45839;45841;45842;45837;42558;53339;42753;45560;45561;45562;45563;45564;45565;45567;42763;42764;43860;42581;42582;42583;42584;42585;42586;45855;45856;45857;45858;45859;45860;42754;40569;45843;45844;45845;45846;45847;45848;45849;45850;45851;45852;45853;45854;42587;42588;42752;55408;55407;44564;44565;45573;56264;61703;42751;64672;55955;55956;57641;55992
3468|Kristinas gravöppning|sv:Drottning_Kristina|69685
3476|Karl XI:s kungahyllning|sv:Karl_XI|42016;67904;36461;67905;53266
3477|Karl XI:s utnämning till Strumpebandsriddare|sv:Karl_XI|37427;46411;56242;59433
3480|Slaget vid Lund|sv:Slaget_vid_Lund|42918;69748;21714;36958;34157;57300
3481|Slaget vid Mohács||41600;41665;62601;62602
3482|Karl XI:s död och begravning|sv:Karl_XI|37768
3487|Kalabaliken i Bender (Varnitsa)|sv:Kalabaliken_i_Bender|48761;70034;33521;33817;42125;49359;55225
3488|Erövringen av Dünamünde||35330
3489|Karl XII:s död och begravning|sv:Karl_XII|37769;48422;20356
3490|Karl XII:s gravöppning|sv:Karl_XII|37784;48422
3491|Karl XII:s ritt Demotika-Stralsund|sv:Karl_XII:s_ritt_från_Pitești_till_Stralsund|48421;52045;33980;33981
3492|Fälttågen mot Norge, 1716-1718||45418
3494|Belägringen av Fredrikstens fästning - Karl XII:s död|sv:Belägringen_av_Fredrikstens_fästning|55773;50185;56804;56805;62566;42927;48890;56459;57396;56802;56803;67799;67800;67801;67802;67803;67433;67434;67435;36776;52044;69752;69753;67797;67798
3499|Instiftandet av Serafimer, Svärds- och Nordstjärneordnarna||42915;42916;55496;67846;67847;57992;70264;70265
3500|Träffningen vid Hölands prästgård||37553;57297;57298;57299
3501|Fredrik I:s begravning|sv:Fredrik_I|37772
3504|Lovisa Ulrikas begravning|sv:Lovisa_Ulrika|37774
3506|Slaget vid Valkeala|sv:Slaget_vid_Valkeala|55500;62133;55501
3509|Mordet på Gustav III|sv:Mordet_på_Gustav_III|63595;36571;36767;57340;52447;57346;57351;57352;57498;57499;67436;67437;67439;67440;67441;42126;55139;55140;55141;55142;55143;55144;55146;55147;57398;57399;57400;55145;47450;57397;67438;67804;57092;55503;55504
3514|Gustav III:s myndighetsförklaring|sv:Gustav_III|62129;62130;62131
3515|Slaget vid Svensksund (Ruotsinsalmi)|sv:Slaget_vid_Svensksund|55498;41952;41953;38431;38432;38433
3516|Gustav III:s dop|sv:Gustav_III|58116
3517|Gustav III:s italienska resa|sv:Gustav_III|39502;40759;40760
3518|Gustav III:s franska resa|sv:Gustav_III|48200;48201;48202;48203;64105;64106
3519|Sofia Magdalenas begravning|sv:Sofia_Magdalena_av_Danmark|37777
3523|Gustav IV Adolfs avsättning|sv:Gustav_IV_Adolf|57748;67867;67868;67869;67870;41946;41947;46458;46459;33448;57567;57568;57569;55819;55506;55507;46456
3524|Prins Gustav av Wasas död|sv:Gustav_av_Wasa|53822
3527|Hedvig Elisabet Charlottas död och begravning|sv:Hedvig_Elisabet_Charlotta_av_Holstein-Gottorp|37800
3528|Tronföljarvalet 1810|sv:Karl_XIV_Johan|35316
3529|Karl XIV Johans död och begravning|sv:Karl_XIV_Johan|37779;70218;70219;39464;32544;39509;39469;57296
3530|Karl XIV Johans kröning i Stockholm|sv:Karl_XIV_Johan|37799;46537;62619;42802;42803;45597;45604;61961;61962;41766;42804;45598;66280;66281;66151;66152;66153;66154;66155;66156;66157;66158;66159;54343;54340;54341;64034;64035;56040;56258;41765;56135;39433;54342;54346;56041;56042;56043;64028;64029
3531|Karl XIV Johans kröning i Trondheim|sv:Karl_XIV_Johan|67881;67882;67883;67884;67885
3533|Desiderias kröning|sv:Drottning_Desideria|54152;62154;54155;54156;54162;54163;62153;67862;24603;68033
3534|Desiderias överfart från Lübeck|sv:Drottning_Desideria|46608;46609
3538|Oscar I:s kröning|sv:Oskar_I|46136;68017;68018;68019;68020;68021;46129;54341;42229;46130;42230;50111;58022;43141;43142;46446;46447
3542|Karl XV:s kröning|sv:Karl_XV|46136;37780;46129;47290;49177;49178;49179;49180;49181;49182;49183;49184;49838;49839;49841;46130;42753
3544|Oscar II:s kröning i Stockholm|sv:Oscar_II|37796;45815;45816;56740;57848
3545|Oscar II:s kröning i Trondheim|sv:Oscar_II|57848
3554|Världsomseglingen med fregatten Vanadis|sv:HMS_Vanadis|60780;60779;60781;60782;60783;60405;60786;60789;60790;60791;60809;60810;60811;60812;60817;60818;60406;60408;60409;60410;60411;60412;60413;60784;60785;60807
3567|Sofia av Nassaus kröning|sv:Sofia_av_Nassau|55640;55641;53881;57882;57883;64113;64114
3570|Karl XV och Lovisa av Nederländernas bröllop|sv:Karl_XV|53885;55672;55482;53886
3579|Gustaf VI Adolf hedersdoktor vid Lafayette College, Easton|sv:Gustaf_VI_Adolf|49894;49895;49896;49897;49898;49899;49900;49901
3598|Lovisa av Sveriges kröning 1860|sv:Lovisa_av_Nederländerna|53883;55642;57900;57901;64082;64083;68011
3607|Carl XVI Gustafs regeringsjubileum||67135
3608|Carl XVI Gustafs 50-årsdag||69469;69818
3609|Victorias myndighetsförklaring||69471
3632|Oscar I och Josefinas bröllop|sv:Oskar_I|55815;55816;55817;55818;64002;64003;39016;56049;42344;42345;52168;55636;55637
3633|Josefinas kröning|sv:Josefina_av_Leuchtenberg|55630;55631;57455;57456
3635|Oscar II och Sofia av Nassaus bröllop|sv:Oscar_II|55624;55623
3642|Karl XI:s dop|sv:Karl_XI|52980
3643|Kronprins Karl Augusts begravning|sv:Karl_August|36876;36733
3644|Prins Eugens dop|sv:Prins_Eugen|37005
3646|Gustav III:s revolution|sv:Gustav_III|67857;67853;67856;67855;67851;67852;37700;37716;37729;37758;37760;37709;39008;48412;69948;40382;68490;67854;55502;64067;67910;67911
3650|Carl Philips dop||52980
3659|Kristinas dop|sv:Drottning_Kristina|58244;58243;58242
3672|Prins Eugens död och begravning|sv:Prins_Eugen|69758
3673|Serafimerringning för prins Eugen|sv:Prins_Eugen_av_Sverige|69758
3674|Mordet på Axel von Fersen|sv:Axel_von_Fersen|36876;36733
3675|Slaget vid Dennewitz|sv:Slaget_vid_Dennewitz|38882;38883
3676|Vita arméns intåg i Helsingfors|sv:Vita_armén|39018
3677|Krigsbyte från Tyskland, Mainz||91344;91345;91346;91410;91571;93256;91675;91727;91729;91735;91755;91757;91803;91825;91918;91919;91946;92124;92315;92541;92734;92752;93085;93701;93766;94248;94564;94622;94654;94658;94659;94660;94661;94758;94849;95103;95176;95183;95286;95290;95362;95363;95364;95365;95413;95414;95415;95416;95417;95418;95474;95508;95552;95729;95731;95798;95803;95839;95902;96136;96139;96179;96219;96301;96303;96304;96328;96406;96419;96420;96457;96458;96459;96460;96461;96501;96532;96573;96591;96667;96708;96714;96783;97846;97065;97068;97185;97295;97297;97457;97483;97490;97491;97576;97690;97693;97878;97907;98039;98117;98118;98207;98229;98363;98434;98435;98580;98656;98692;98751;98808;98819;98820;98865;98926;99123;99243;99244;99374;99381;99418;99431;99452;99521;99522;99539;99932;99933;99684;99685;99686;99687;99689;99690;99691;99720;99749;99771;99786;99900;99958;100019;100020;100024;100112;100141;100142;100159;100163;100167;100178;100185;100187;100188;100195;100203;100204;100259;100260;100264;100267;101156;101157;101158;100683;100808;100847;100856;100893;101155;101199;101200;101238;101381;101394;101418;101421;101427;101432;101518;101519;101535;101536;101597;102053;102059;102081;102278;102389;102390;102408;102430;102432;102497;102523;102524;102602;102613;102614;102615;102616;102617;102647;102648;102649;102650;102652;102657;102659;102662;102663;102664;102665;102677;102678;102762;102832;102848;102849;102859;102860;102925;102926;103646;103101;103150;103200;103202;103299;103363;103394;103408;103433;103458;103504;103551;103645;103652;103663;103679;103687;103688;103759;104407;103798;103799;103800;103804;103805;103808;103817;103818;103820;103854;104092;104093;104100;104204;104367;104371;104421;104489;104611;104718;104764;104915;104916;104927;105016;105019;105035;105051;105203;105270;105317;105323;105356;105460;105474;105649;105725;105734;105913;105916;105918;105958;106169;106234;106235;106370;106390;106404;106472;106565;106588;106635;106724;106943;106994;106995;107126;107211;107214;107215;107216;107226;107402;107426;107436;107604;107605;107622;107633;107779;107942;108160;108183;108184;108219;108226;108227;108241;108242;108277;108282;108344;108345;108373;108483;108502;108503;108655;108656;108657;108737;108758;108797;108802;108993;108998;108999;108871;108872;108919;108961;109002;109004;109005;109095;109109;109117;109327;109411
3679|Krigsbyte från Tyskland, Glogau||91378;92739;92743;94927;93400;93570;94305;94521;94553;94563;94817;95237;96805;95400;95525;95544;95549;95554;95591;96048;96084;96165;96211;96302;96362;96443;96530;96674;96677;96712;96713;96790;96791;96793;96795;96796;96834;97092;97024;97120;97134;97140;97141;97153;97228;97261;97444;97454;97656;97688;97882;98045;98097;98105;98136;98866;98942;99139;99152;99310;99417;99419;99541;99597;99629;99632;99718;99888;100018;100021;100115;100186;100400;100602;100603;100728;101162;100723;100762;100967;101026;101027;101595;102274;102498;102673;102834;102861;103460;103461;103625;103816;104206;104319;104850;104851;104852;104853;104855;104979;104996;105065;105067;105077;105078;105159;105160;105289;105335;105583;105820;105841;105842;105886;106575;106875;107041;107042;107116;107230;107608;107628;107739;107790;107865;107866;107971;107981;108290;108301;108478;108658;108692;108706;108932;109105;109373;109378
3680|Krigsbyte från Tyskland, Bayern||91406;91681;94390;96798;96799;98005;98828;102120;102840;103656;103809;104702;106717
3681|Krigsbyte från Danmark||91462;91597;91606;91624;91786;91915;91937;92171;92414;92691;92773;93008;93036;93468;93823;94220;94245;94249;94597;94847;94864;94865;94866;94902;94903;94909;94910;94911;94921;95000;95064;95204;95349;96599;95687;95791;95800;95915;96025;96026;96036;96060;96214;96286;96360;96481;96659;96665;96672;96678;96734;96736;96816;96835;96892;96934;96936;96937;97073;97098;97101;97169;97183;97217;97241;97276;97629;97648;97665;97788;97994;97995;98012;98017;98077;98246;98446;98678;98709;98710;98711;98750;98781;98938;98974;99161;99162;99194;99195;99267;99268;99269;99270;99350;99534;99567;99626;100456;99679;99694;99816;100122;100147;100169;100170;100270;100285;100287;100345;100384;100441;100450;100483;100536;100542;100568;100581;100879;100956;100998;101085;101202;101266;101377;101382;101435;102718;101575;101677;102020;102461;102717;102776;102991;103085;103157;103158;103211;103224;103285;103286;103328;103583;103588;104477;103835;103881;104126;104229;104351;104390;104463;104511;104512;104591;104684;104925;104991;105002;105011;105045;105062;105167;105304;105319;105325;105345;105412;105475;105563;105644;105876;105914;105922;105995;106528;106673;106807;107056;107098;107118;107163;107260;107313;107321;107325;107615;107621;107718;107935;107940;107961;108132;108335;108482;108492;108498;108659;108860;108888;108987;109084;109168;109260;109339
3682|Krigsbyte från Tyskland, Sonnewalde||91534;91614;94893;97485;97772;97773;97861;98796
3683|Krigsbyte från Tyskland||91535;94179;94740;95107;95108;95109;95163;95650;98415;99440;99929;99931;100272;100914;101482;101483;103538;103684;103806;103807;103850;104313;105515;106738;106595;106730;106805;107283;107319;108108;108915
3684|Krigsbyte från ?||91545;92400;95310;95436;95685;96627;97225;97361;97577;98141;98437;98677;98892;98893;98979;99757;100258;100261;100262;100263;100265;100266;100268;100397;100398;100399;100831;102117;102835;103301;103361;103490;103591;104635;104636;104637;104639;104640;104641;104648;104799;104800;104883;105084;105294;105329;105334;106170;106384;106420;106651;106688;106690;106806;106974;107192;107252;107437;107746;107762;107763;108125;108126;108172;108217;108326;108330;108484;108653;108752;108827;108911;109380;109427
3685|Krigsbyte från Danmark, Bretenberg (fam. Rantzau)||91590
3686|Krigsbyte från Danmark (?)||91609;92192;92424;93302;93471;96587;97456;98880;99233;100494;100541;102347;105204;105380;105877;107320;107931;108291;109347
3687|Krigsbyte från Polen||91617;93269;93273;93322;93384;93385;93387;93598;94180;95289;95848;95919;96038;96442;97154;97831;97840;97901;98396;98762;98763;98764;99462;99872;99873;99874;99875;100180;100291;100486;100895;101614;101640;101728;102475;102645;102679;102746;102766;102767;103297;104331;104721;104981;105240;105272;105372;105579;105635;105778;107423;107577;107834;108251;108700;108717;108718;108851;109366
3688|Krigsbyte från Tyskland, Mainz (?)||91748;92646;93769;94452;96073;97525;99670;99752;99793;102846;103190;103191;103192;103193;103195;104926;106083;108307;108306
3689|Krigsbyte från 1800-t.kat.Bielke: p.288||92629
3690|Krigsbyte från Tyskland (?)||92663;92711;93738;95104;95106;95187;95188;95189;95675;95961;96343;96407;97701;97292;97492;97698;97826;98305;98778;99215;99669;99726;99794;100100;102277;103147;103681;104098;104099;104212;104532;105049;105293;105933;106382;106383;107234;107804;108118;108157;108169;108914;109379
3691|Erövringen av Würzburg (Herbipolis), Tyskland, 1631-10||93043;101693;106672;107470;107424
3693|Krigsbyte från Sonnewalde, Tyskland||93473
3694|Krigsbyte från Danmark (?).||94226
3695|Krigsbyte från Tyskland, Ortenpurg i Bayern||94620;98723;98724;98725;99094;102283;106808;106809
3696|Krigsbyte från Tyskland (Bayern), Landsberg (?)||95007;95008;95010;95011;95012;95013;102639;102640;102641;102847
3697|Krigsbyte från Tyskland, Maniz||95184;95185;95186
3699|Krigsbyte från Polen (?)||95546;95547;95548;96212;96373;100873;103209;105480;107382;108719
3700|Krigsbyte från Tyskland(?), Oppenheim (Pfalz) (?)||95574;97210
3701|Krigsbyte från Tyskland (se Wr teol.8 4:o)||96142;99903
3702|Krigsbyte från Danmark (trol.)||96378;96381;96382
3703|Krigsbyte från Danmark, Nakskov (1658)||96858;108984
3704|Krigsbyte från Tyskland, Bayern (?)||97367;102666
3705|Krigsbyte från Danmark(?)||97518
3706|Krigsbyte från Tyskland, Mainz(?)||99122;105434
3707|Krigsbyte från Slott Sonnewalde [=Solms], Tyskland (Brandenburg).||99681
3708|Krigsbyte från Danmark (Vindinge?)||99773
3709|Krigsbyte från: Kostar mig på Gyllengrijpska auctionen i Stockh: i martio 1737 kiöptal d. 6 koppmtt. C G Bielke (förs., bläck).||101305
3710|Krigsbyte från Tyskland (?), Mainz (?)||101248
3711|Krigsbyte från Aarhus, Hellerijd, Danmark||101265
3712|Krigsbyte från Tyskland, Germersheim-Bingen||103078
3713|Krigsbyte från Tyskland(?)||103439;104914;109318
3714|Krigsbyte från: Spansk sentens + Nicolaus Brahe en Lisbona 1655 (förs.).||105066
3716|Krigsbyte från Tyskland (se Collijn: I, s. 85 om Han).||106155
3717|Krigsbyte från Tyskland (?)||106207
3718|krigsbyte från Norge-Danmark||106674
3720|Krigsbyte från Tyskland, Mainz||107085
3722|Krigsbyte från Tyskland||107472
3723|Krigsbyte från Tyskland, Danzig (?)||107998
3724|Krigsbyte från EW76/MP03||108097
3725|Krigsbyte från E. C. (titelbl., bläck).||108506
3726|Stora daldansen (Dalupproret)|sv:Dalupproret_1743|66358
3728|Stockholmstidningens 20:e Riksskyttetävling||49473
3730|Träffningen vid Porkkala udde||37282;38437
3732|Träffningen vid Björkösund||37282;38437
3734|Erövringen av Warszawa||67575;67576;67577;67578;67579;67580;67649;67650;67651;28003;28004;28005;28006;28404
3737|Slaget vid Brunnbäcks färja|sv:Slaget_vid_Brunnbäcks_färja|46187;50263
3739|Karl X Gustav och Hedvig Eleonoras bröllop|sv:Karl_X_Gustav|33072;33073;33074;33075;33076;33077;33078;33079;55955;55956;57641;55992;61371;61372;61373;67987;67986;67988;67989;67990;55850;55851;55852;55853;57633;57634;67936;58539;58540;58541;55847
3740|Gustav III:s tornerspel 1778|sv:Gustav_III|51327;56257
3741|Johan Kasimir och Katarina av Sveriges bröllop||57154;57155;57156;57157;57158;57159;57160;57161;57162;57163;57164
3743|Gustav III:s möte med Katarina|sv:Gustav_III|57988;57458;57459;67851;67852;67853
3744|Adolf Fredriks trohetsed|sv:Adolf_Fredrik|62129;62130;62131
3745|Adolf Fredriks uppsalabesök.|sv:Adolf_Fredrik|62129;62130;62131
3746|Gustav III:s uppsalabesök|sv:Gustav_III|62129;62130;62131
3747|Serafimerordens stora ordensdag 1772|sv:Serafimerorden|55782;55783;55784;55785
3748|Stora ordensdagen||67942;67943;67944;67945
3749|Riksdagens öppnande, Gustav III||67947;67950;67951;67952;67953;55686
3750|Förenings- och säkerhetsaktens genomdrivande||67947;67950;67951;67952;67953;55687
3751|Gustav III:s resa till Spa|sv:Gustav_III|67947;67950;67951;67952;67953;55686
3752|Mindre ordensdagen||55680;55681;55682;55683;55684;55685
3753|Första fredskonferensen i Haag 1899|sv:Fredskonferensen_i_Haag|13279
3754|Internationella Kvinnoförbundets kongress i Stockholm 1911||13777
3756|Olympiska sommarspelen i Stockholm 1912|sv:OS_i_Stockholm|13783;13612;13782
3758|Svenska spelen i Stockholm 1916|sv:Svenska_spelen|13618;13622;13781
3759|Första världskriget 1914 - 1919|sv:Första_världskriget|6381;6657;6778;6779;6783;6784;6791;6939;6965;6966;7216;7364;7365;7480;7485;7534;7609;7619;7620;7621;7622;7809;7823;19684;20146;20147;20148;20149;19605;19753;19754
3760|Oscar II:s regeringsjubileum 1897||17066
3761|Änkedrottning Alexandra av Englands 70-års dag|sv:Alexandra_av_Danmark|17486
3762|Fransk-tyska kriget 1870 - 1871|sv:Fransk-tyska_kriget|17757;20761
3763|Baltiska utställningen Malmö 1914|sv:Baltiska_utställningen|17487
3765|Landstormen 1914|sv:Landstorm|17751
3766|Konungamötet i Malmö 1914||17749;20360
3767|Jubileumsutställningen i Göteborg 1923|sv:Jubileumsutställningen_i_Göteborg|17758;21004
3768|Finska kriget 1808 - 1809|sv:Finska_kriget|17645;53248
3769|400-årsminnet av Gustaf Vasas befrielseverk||20463
3772|Världsrevolutionen 1917 - 1921|sv:Ryska_revolutionen|19965;19963;19957
3773|400-årsminnet av Martin Luthers ankomst till Wartburg||19617;19973
3774|Gustav Vasas intåg i Stockholm 1523|sv:Gustav_Vasa|20973
3775|300-årsminnet av Gustaf II Adolfs födelse 1894||20974;20975
3776|Oscar II och drottning Sofias guldbröllop 6 juni 1907.|sv:Oscar_II|20015
3778|Konstindustriutställningen 1909|sv:Konstindustriutställningen_1909|20829
3782|Slaget vid Tannenberg 1914|sv:Slaget_vid_Tannenberg|21194
3783|Stockholmsutställningen 1866|sv:Stockholmsutställningen_1866|20832
3784|Weltausstellung - Världsutställningen i Wien 1873|sv:Världsutställningen_1873|19811
3785|Exposition Universelle - Världsutställningen i Paris 1855|sv:Världsutställningen_1855|21089;21090
3786|Exposición Nacional de Minería, Madrid 1883|en:Exposición_Nacional_de_Minería_(1883)|21091
3787|Allmänna Konst- och Industriutställningen 1897|sv:Allmänna_konst-_och_industriutställningen|20830;20831;69999
3790|Drottning Ulrika Eleonoras död 1741|sv:Ulrika_Eleonora|20231
3794|400-årsminnet av Martin Luthers födelse||19701;19556
3795|Finlandsdagarna i Stockholm 1925||21015
3796|Nordiska spelen 1926|sv:Nordiska_spelen|20540
